{
    "body": "<path d=\"M15 7.3573C10.9348 7.3573 7.64271 4.06195 7.64271 0H7.35734V7.3573H0V7.64272C4.06528 7.64272 7.35734 10.9381 7.35734 15H7.64271V7.64272H15V7.3573Z\" fill=\"currentColor\"/>",
    "width": 15,
    "height": 15
}