{
    "body": "<path d=\"M0 7.50036C0 3.35793 3.35801 0 7.49982 0C11.6424 0 15.0004 3.35793 15 7.5C15 8.96717 14.5786 10.3358 13.8505 11.4915C13.6498 11.81 13.4262 12.1122 13.1811 12.3963L7.5098 6.72508L2.63292 11.6015L1.82772 12.4066C1.58196 12.1232 1.3576 11.8214 1.15686 11.5033C0.423999 10.3454 0 8.97233 0 7.50036ZM12.9907 10.4229L13.0594 10.2856L13.0598 10.286C13.49 9.42766 13.7173 8.46421 13.7173 7.50036C13.7173 4.07234 10.9283 1.28339 7.50018 1.28339C4.07206 1.28339 1.28343 4.07234 1.28343 7.50036C1.28343 8.46937 1.51296 9.43689 1.94728 10.2985L2.01631 10.4351L7.5098 4.94168L12.9907 10.4229ZM7.50011 15C9.36732 15 11.0755 14.3177 12.3884 13.1886V13.1882L7.51006 8.30996L2.6225 13.1971C3.9336 14.3214 5.63291 15 7.50011 15Z\" fill=\"currentColor\"/>",
    "width": 15,
    "height": 15
}