{
    "body": "<path d=\"M7.47501 0L5.97501 2.48456L10.9094 10.5695L6.78003 15H10.2781L14.1179 10.8822L7.47501 0Z\" fill=\"currentColor\"/><path d=\"M5.86545 12.5033L4.06429 10.569L7.09325 5.59407L5.58167 3.12109L0.850006 10.8817L4.68977 14.9995H5.96391L8.30367 12.5033H5.86545Z\" fill=\"currentColor\"/>",
    "width": 15,
    "height": 15
}