{
    "body": "<path d=\"M15 7.5C15 3.35787 11.6421 -1.81059e-07 7.5 0C3.35787 1.81059e-07 -1.81059e-07 3.35787 0 7.5C1.81059e-07 11.6421 3.35787 15 7.5 15C11.6421 15 15 11.6421 15 7.5ZM8.57046 13.1131C8.57046 13.6219 8.15286 14.0355 7.56012 14.0474C7.5437 14.0475 7.52726 14.0476 7.5108 14.0476H7.4892C3.87801 14.0418 0.95238 11.1126 0.95238 7.50002C0.95238 3.88386 3.88385 0.952394 7.5 0.952392C7.5195 0.952392 7.53899 0.952478 7.55844 0.952649C8.22734 0.964562 8.57046 1.37812 8.57046 1.88688C8.57046 2.4047 8.11274 2.78571 7.62779 2.78571C7.14287 2.78573 7.11905 2.78573 6.65486 2.82291C6.19067 2.86011 5.71066 3.24114 5.71066 3.75741C5.71066 4.27676 6.13254 4.69497 6.65486 4.69497H10.7716C11.2924 4.69497 11.7143 5.1132 11.7143 5.62947C11.7143 6.14574 11.2924 6.56397 10.7716 6.56397H4.43072C3.9084 6.56397 3.48653 6.98373 3.48653 7.50153C3.48653 8.01782 3.9084 8.43603 4.43072 8.43603H7.6278C8.14859 8.43603 8.57046 8.85426 8.57046 9.37206C8.57046 9.88833 8.14859 10.3066 7.6278 10.3066H6.65486C6.13254 10.3066 5.71066 10.7248 5.71066 11.2411C5.71066 11.7589 6.14304 12.1368 6.65486 12.1756C6.69521 12.1786 6.73209 12.1814 6.76608 12.184C6.94622 12.1977 7.04463 12.2052 7.14318 12.2094C7.26188 12.2143 7.38077 12.2143 7.64286 12.2143C8.16363 12.2143 8.57046 12.5969 8.57046 13.1131Z\" fill=\"currentColor\"/>",
    "width": 15,
    "height": 15
}