{
    "body": "<path fill-rule='evenodd' clip-rule='evenodd' d='M7.5 15C11.6421 15 15 11.6421 15 7.5C15 7.23248 14.986 6.96823 14.9587 6.70794C14.6084 9.68801 12.0742 12 9 12C5.68629 12 3 9.31371 3 6C3 2.92581 5.31199 0.391616 8.29206 0.0413265C8.03177 0.0140066 7.76752 0 7.5 0C3.35786 0 0 3.35786 0 7.5C0 11.6421 3.35786 15 7.5 15ZM9 11C11.7614 11 14 8.76142 14 6C14 3.23858 11.7614 1 9 1C6.23858 1 4 3.23858 4 6C4 8.76142 6.23858 11 9 11ZM13 4.5C13 5.88071 11.8807 7 10.5 7C9.11929 7 8 5.88071 8 4.5C8 3.11929 9.11929 2 10.5 2C11.8807 2 13 3.11929 13 4.5Z' fill='currentColor'/>",
    "width": 15,
    "height": 15
}