{
    "body": "<path d=\M6.02728 -2.86102e-05V1.49997H7.51668V-2.86102e-05H6.02728Z\" fill=\"currentColor\"/><path d=\M11.9248 8.99995V5.99994H8.94648V2.99993H7.45708V5.99994H4.47879V-6.10352e-05H1.5V5.99994H4.47879V11.9999H8.94648V14.9999H10.4358V11.9999H13.4141V8.99995H11.9248Z\" fill=\"currentColor\"/>",
    "width": 15,
    "height": 15
}