{
    "body": "<path d=\"M14.3436 18.6587C15.0807 18.6587 15.676 18.0639 15.676 17.3301C15.676 16.5964 15.0807 16.0015 14.3436 16.0015C13.6123 16.0015 13.017 16.5964 13.017 17.3301C13.017 18.0639 13.6123 18.6587 14.3436 18.6587Z\" fill=\"currentColor\"/><path d=\"M9.56908 18.6982C10.3061 18.6982 10.8958 18.1034 10.8958 17.3696C10.8958 16.6358 10.3061 16.041 9.56908 16.041C8.8377 16.041 8.24239 16.6358 8.24239 17.3696C8.24239 18.1034 8.8377 18.6982 9.56908 18.6982Z\" fill=\"currentColor\"/><path d=\"M6.66002 4.81805H9.82525C10.4209 6.42937 11.9751 10.9947 12.0885 11.2491C12.1169 11.1219 13.6825 6.14669 14.1249 4.84633H17.4149V16.1961C17.0065 15.97 16.5981 15.7439 16.1556 15.4894C15.8493 15.334 15.5657 15.1643 15.2537 15.0371C15.2254 12.8322 15.197 10.6414 15.129 8.35163C14.6865 9.66612 13.1606 14.3022 13.0358 14.4294H10.9994C10.9994 14.4294 9.01972 8.80391 8.92329 8.54951C8.89494 10.712 8.86658 12.8746 8.79284 15.1078C7.57894 15.7297 6.85858 16.0831 6.6317 16.1678V4.81805H6.66002Z\" fill=\"currentColor\"/><path d=\"M12.0028 1.90812C17.5561 1.90812 22.0941 6.43109 22.0941 12C22.0941 17.5689 17.5731 22.0919 12.0028 22.0919C6.43253 22.0919 1.9116 17.5689 1.9116 12C1.9116 6.43109 6.43253 1.90812 12.0028 1.90812ZM12.0028 0C5.37179 0 0 5.37104 0 12C0 18.6289 5.37179 24 12.0028 24C18.6282 24 24 18.6289 24 12C24 5.37104 18.6282 0 12.0028 0Z\" fill=\"currentColor\"/>",
    "width": 15,
    "height": 15
}
