{
    "body": "<g clip-path='url(#clip0_4148_14743)'><path d='M10.966 13.9999H1V3.10938H3.28024V11.8893H10.966V13.9988V13.9999Z' fill='currentColor'/><path d='M10.966 5.21895C12.0893 5.21895 13 4.27451 13 3.10948C13 1.94444 12.0893 1 10.966 1C9.84266 1 8.93201 1.94444 8.93201 3.10948C8.93201 4.27451 9.84266 5.21895 10.966 5.21895Z' fill='currentColor'/></g><defs><clipPath id='clip0_4148_14743'><rect width='12' height='13' fill='white' transform='translate(1 1)'/></clipPath></defs>",
    "width": 15,
    "height": 15
}