{
    "body": "<g fill=\"none\"><path d=\"M3 3.711C3 3.46747 3 3.3457 3.04589 3.25203C3.08982 3.16234 3.16234 3.08982 3.25203 3.04589C3.3457 3 3.46747 3 3.711 3H11.289C11.5325 3 11.6543 3 11.748 3.04589C11.8376 3.08982 11.9102 3.16234 11.9541 3.25203C12 3.3457 12 3.46747 12 3.711V11.289C12 11.5325 12 11.6543 11.9541 11.748C11.9102 11.8376 11.8376 11.9102 11.748 11.9541C11.6543 12 11.5325 12 11.289 12H3.711C3.46747 12 3.3457 12 3.25203 11.9541C3.16234 11.9102 3.08982 11.8376 3.04589 11.748C3 11.6543 3 11.5325 3 11.289V3.711Z\" fill=\"currentColor\"/></g>",
    "width": 15,
    "height": 15
}