{
    "body": "<g fill=\"none\"><path d=\"M7.48692 15C11.6363 15 15 11.6422 15 7.5C15 3.35786 11.6363 0 7.48692 0C3.55025 0 0.320738 3.02245 0 6.86958H9.93056V8.13042H5.39358e-08C0.320739 11.9775 3.55025 15 7.48692 15Z\" fill=\"currentColor\"/></g>",
    "width": 15,
    "height": 15
}