{
    "body": "<path d=\"M2.48555 3L0 4.89504H12.7168L12.0617 6.96501H6.96532L6.44509 8.59767H11.545L10.7514 11.105H3.61272L5.08671 6.44023L3.43931 5.2449L0.982659 13H10.1734L12.5723 11.8047L13.4343 9.12333L11.8208 7.92711L14.2014 6.7374L15 4.25364L13.3815 3H2.48555Z\" fill=\"currentColor\"/>",
    "width": 15,
    "height": 15
}