{
    "body": "<path d=\"M14.3695 9.08874L14.3506 9.10865C14.3417 9.11779 14.3328 9.12688 14.3237 9.13591L9.12888 14.3224C8.22394 15.2259 6.75674 15.2259 5.85179 14.3224L4.41724 12.8902C4.31553 12.7891 4.31532 12.6246 4.41656 12.523C4.44635 12.4931 4.48297 12.4709 4.52324 12.4584C6.06085 11.9837 7.31024 11.4358 8.27132 10.8147C10.5602 9.33538 12.5929 8.76009 14.3695 9.08874ZM13.2804 4.82229C15.1984 5.42668 14.9746 6.83762 15 7.39385C12.8995 6.29244 10.3726 6.69615 7.41924 8.60488C5.21794 10.0276 3.374 10.6141 1.88744 10.3646C0.400877 10.115 0.0664788 8.2995 0 7.81706C1.63346 8.64297 3.82253 8.16894 6.56715 6.39512C9.12471 4.74221 11.3625 4.21791 13.2804 4.82229ZM9.12888 0.677615L10.4768 2.0232C10.5784 2.1245 10.5785 2.28899 10.4772 2.39052C10.4411 2.42675 10.395 2.45149 10.3449 2.46159C8.39353 2.85471 6.83294 3.42929 5.66312 4.18535C3.6585 5.48091 1.95023 6.08309 0.538321 5.99188L0.538474 5.9915L5.85179 0.677615C6.75674 -0.225872 8.22394 -0.225872 9.12888 0.677615Z\" fill=\"currentColor\"/>",
    "width": 15,
    "height": 15
}