{
    "body": "<path d=\"M8.46803 11.5559C7.77627 11.7219 7.05349 11.7079 6.36867 11.5152C5.68386 11.3225 5.05986 10.9575 4.55625 10.455C3.88944 9.81804 3.46086 8.97194 3.34183 8.0575C3.22281 7.14307 3.42052 6.21545 3.90206 5.42902C4.21816 4.91635 4.59909 4.44663 5.03543 4.03147C6.41964 2.65227 8.96138 0.142606 8.96138 0.142606C7.07163 -0.23254 5.10999 0.133913 3.48313 1.166C1.85627 2.19808 0.688958 3.81663 0.2232 5.68611C-0.243114 7.55542 0.027211 9.53247 0.978215 11.208C1.92922 12.8835 3.48808 14.1292 5.3321 14.6872L8.46803 11.5559Z\" fill=\"currentColor\"/><path d=\"M6.53756 3.44604C7.22924 3.27964 7.95205 3.29347 8.63685 3.48621C9.32166 3.67896 9.94558 4.04416 10.4489 4.54691C11.8206 5.91903 12.0886 7.95534 11.0981 9.56539C10.7814 10.0784 10.4006 10.5489 9.96474 10.9654C8.58012 12.3426 6.03838 14.8539 6.03838 14.8539C7.92982 15.2328 9.89452 14.8683 11.5242 13.8363C13.1539 12.8042 14.3234 11.1839 14.7895 9.31205C15.2562 7.44033 14.9844 5.46075 14.0304 3.78412C13.0764 2.10749 11.5135 0.862535 9.66598 0.307611L6.53756 3.44604Z\" fill=\"currentColor\"/>",
    "width": 15,
    "height": 15
}