{
    "body": "<path d='M2.62068 6.01142C2.12432 5.5332 1.77297 4.91315 1.77297 4.17341L1.77409 4.09512C1.81368 2.83915 2.83093 1.82824 4.06456 1.78796L11.932 1.78683C12.1384 1.79477 12.304 1.94567 12.304 2.15784V8.92785C12.4858 8.96132 12.5723 8.98402 12.7468 9.04869C12.8829 9.09918 13.0764 9.21036 13.0764 9.21036V2.1584C13.0647 1.5168 12.565 1 11.932 1H4.06401C2.36748 1.02836 1 2.43808 1 4.17398C1 5.18148 1.45118 6.04036 2.19069 6.64509C2.23977 6.68536 2.28885 6.73812 2.42158 6.73755C2.65358 6.73699 2.81587 6.55205 2.80639 6.34669C2.79858 6.17764 2.72831 6.11581 2.62068 6.01199V6.01142Z' fill='currentColor'/><path d='M11.7313 9.37658H5.55978C5.1454 9.37998 4.81078 9.72262 4.81078 10.1453V11.0455C4.82305 11.4625 5.17217 11.8199 5.58487 11.8199H6.0433V11.0455H5.58487V10.164H5.83528C6.61383 10.164 7.18715 10.9014 7.18715 11.6883C7.18715 12.3855 6.56364 13.279 5.51516 13.2075C4.58491 13.1439 4.08522 12.3032 4.08522 11.6883V4.03783C4.08522 3.69235 3.80971 3.41211 3.46951 3.41211H2.85437V4.1927H3.31168V11.6883C3.28826 13.2126 4.37912 13.9813 5.51516 13.9813L11.7307 14C12.9839 14 14 12.9652 14 11.6883C14 10.4113 12.9839 9.37658 11.7307 9.37658H11.7313ZM13.227 11.7382C13.2008 12.5568 12.5416 13.2126 11.7313 13.2126L7.40576 13.1956C7.75154 12.79 7.95956 12.2624 7.95956 11.6883C7.95956 10.7846 7.4303 10.164 7.4303 10.164H11.7313C12.5578 10.164 13.2276 10.8464 13.2276 11.6883V11.7382H13.227Z' fill='currentColor'/><path d='M10.0704 3.55273H5.41864V4.33332H10.0704C10.2823 4.33332 10.4541 4.1586 10.4541 3.94303C10.4541 3.72746 10.2823 3.55273 10.0704 3.55273Z' fill='currentColor'/><path d='M10.0704 7.2373H5.41864V8.01789H10.0704C10.2823 8.01789 10.4541 7.84317 10.4541 7.6276C10.4541 7.41203 10.2823 7.2373 10.0704 7.2373Z' fill='currentColor'/><path d='M10.8886 5.39551H5.41864V6.1761H10.8891C11.1011 6.1761 11.2728 6.00137 11.2728 5.7858C11.2728 5.57023 11.1011 5.39551 10.8891 5.39551H10.8886Z' fill='currentColor'/>",
    "width": 15,
    "height": 15
}