{
    "body": "<path d=\"M11.2604 1.00279C10.1114 0.334263 8.85794 0 7.5 0C6.14206 0 4.88858 0.334263 3.73955 1.00279C2.59053 1.67131 1.67131 2.59053 1.00279 3.73955C0.334262 4.88858 0 6.14206 0 7.5C0 8.85794 0.334262 10.1114 1.00279 11.2604C1.67131 12.4095 2.59053 13.3287 3.73955 13.9972C4.88858 14.6657 6.14206 15 7.5 15C8.85794 15 10.1114 14.6657 11.2604 13.9972C12.4095 13.3287 13.3287 12.4095 13.9972 11.2604C14.6657 10.1114 15 8.85794 15 7.5C15 6.14206 14.6657 4.88858 13.9972 3.73955C13.3287 2.59053 12.4095 1.67131 11.2604 1.00279ZM7.95961 10.2159C7.10306 10.2159 6.43454 9.96518 5.91226 9.48468C5.5571 9.15042 5.3273 8.75348 5.22284 8.27298H13.3287C13.2451 8.9624 13.0362 9.61003 12.7437 10.2159H7.9805H7.95961ZM5.22284 6.74791C5.3273 6.2883 5.5571 5.87047 5.91226 5.53621C6.43454 5.05571 7.10306 4.80501 7.95961 4.80501H12.7437C13.0571 5.41086 13.2451 6.0585 13.3287 6.74791H5.22284ZM2.4234 4.51254C2.94568 3.61421 3.65599 2.88301 4.55432 2.36073C5.45265 1.83844 6.43454 1.56685 7.52089 1.56685C8.60724 1.56685 9.58914 1.83844 10.4875 2.36073C10.9471 2.63231 11.344 2.94568 11.7201 3.32173H7.93872C7.08217 3.32173 6.30919 3.50975 5.64067 3.8649C4.97215 4.22006 4.44986 4.72145 4.09471 5.34819C3.84401 5.78691 3.67688 6.26741 3.59332 6.7688H1.73398C1.81755 5.97493 2.06825 5.22284 2.46518 4.53343L2.4234 4.51254ZM10.4666 12.6393C9.56825 13.1616 8.58635 13.4331 7.5 13.4331C6.41365 13.4331 5.43176 13.1616 4.53343 12.6393C3.6351 12.117 2.92479 11.3858 2.40251 10.4875C2.00557 9.79805 1.75487 9.06686 1.67131 8.27298H3.53064C3.61421 8.77438 3.78134 9.25487 4.03203 9.69359C4.40808 10.3203 4.93036 10.8008 5.578 11.1769C6.24652 11.532 7.0195 11.7201 7.87605 11.7201H11.6365C11.2813 12.0752 10.8844 12.3886 10.4457 12.6393H10.4666Z\" fill=\"currentColor\"/>",
    "width": 15,
    "height": 15
}
