{
    "body": "<path d=\"M14.7816 8.80945L9.34856 0.622879C9.32166 0.583246 9.25965 0.599565 9.25731 0.647358C9.24444 0.854849 9.06896 1.96108 7.81715 1.96108C6.80167 1.96108 6.33254 1.77923 5.28664 1.77923C4.92513 1.77923 4.49461 1.98323 4.26881 2.32477L3.8418 2.96823L7.92946 9.12535H9.52873C10.0002 9.12535 10.4401 9.36082 10.6998 9.75248L11.6755 11.2247H15.0004V9.53217C15.0004 9.27572 14.9244 9.02393 14.7816 8.80945ZM10.3231 5.30308C9.66678 5.03847 9.15553 3.87746 9.15553 3.87746C10.4822 3.87746 11.376 5.45229 11.376 5.45229C11.376 5.45229 10.9806 5.56769 10.3243 5.30308H10.3231Z\" fill=\"currentColor\"/><path d=\"M9.8641 14.3724H3.86012C3.42842 14.3724 3.02714 14.158 2.78848 13.799L0.233397 9.94873C-0.077799 9.48014 -0.077799 8.87281 0.233397 8.4042L3.07628 4.125H3.07745L9.8641 14.3736V14.3724Z\" fill=\"currentColor\"/>",
    "width": 15,
    "height": 15
}