{
    "body": "<path d=\"M14 1H1V14H14V9.46188H11.8413C11.0979 11.1183 9.42454 12.2689 7.51018 12.2689C4.86945 12.2689 2.73107 10.1102 2.73107 7.48982C2.72768 4.86945 4.86945 2.73107 7.51018 2.73107C9.46188 2.73107 11.1352 3.91906 11.8786 5.61279H14V1Z\" fill=\"currentColor\"/>",
    "width": 15,
    "height": 15
}