{
    "body": "<path d=\"M3.5 16.6529V1.84622C3.5 1.35658 3.695 0.886976 4.04209 0.540746C4.38918 0.194512 4.85994 0 5.35081 0H18.7692C19.2601 0 19.7308 0.194512 20.0779 0.540746C20.425 0.886976 20.62 1.35658 20.62 1.84622V16.6529C20.6198 16.9294 20.5574 17.2025 20.4372 17.4517C20.3171 17.701 20.1424 17.9201 19.9259 18.093L12.9276 23.6962C12.6814 23.8929 12.3754 24 12.06 24C11.7446 24 11.4386 23.8929 11.1924 23.6962L4.19405 18.093C3.97763 17.9201 3.80289 17.701 3.68276 17.4517C3.56263 17.2025 3.50017 16.9294 3.5 16.6529ZM17.017 5.29743V8.53232C17.017 8.96072 16.8502 9.37168 16.5534 9.67488C16.2564 9.97816 15.8536 10.1489 15.4333 10.1497C15.8541 10.1497 16.2577 10.3202 16.5553 10.6234C16.8528 10.9268 17.02 11.3382 17.02 11.7671V14.6836C17.0198 14.9258 16.9663 15.165 16.8633 15.3834C16.7603 15.6018 16.6106 15.7938 16.425 15.9452L13.9695 17.9548C13.9404 17.9786 13.9052 17.9935 13.8681 17.9978C13.831 18.0022 13.7934 17.9958 13.7598 17.9793C13.7261 17.9628 13.6976 17.937 13.6778 17.9047C13.6578 17.8725 13.6473 17.8352 13.6472 17.7971V12.1715C13.6472 11.8498 13.5218 11.5412 13.2986 11.3138C13.0755 11.0862 12.7728 10.9584 12.4572 10.9584H10.6721C10.6195 10.9584 10.5691 10.9798 10.5319 11.0177C10.4947 11.0556 10.4738 11.107 10.4738 11.1606V17.7971C10.4739 17.8354 10.4634 17.8729 10.4434 17.9053C10.4235 17.9377 10.3949 17.9637 10.361 17.9802C10.3272 17.9967 10.2894 18.0031 10.2522 17.9986C10.2149 17.9941 10.1796 17.979 10.1505 17.9548L7.69502 15.9452C7.50947 15.7938 7.35967 15.6018 7.25669 15.3834C7.1537 15.165 7.10015 14.9258 7.1 14.6836V5.29743C7.1 4.86846 7.26718 4.45706 7.56474 4.15374C7.86231 3.85041 8.2659 3.68 8.68673 3.68H15.4303C15.8511 3.68 16.2547 3.85041 16.5523 4.15374C16.8498 4.45706 17.017 4.86846 17.017 5.29743ZM10.6701 9.34104H12.4552C12.7708 9.34104 13.0735 9.2132 13.2967 8.98568C13.5198 8.75824 13.6452 8.44968 13.6452 8.12792V5.49961C13.6452 5.44598 13.6243 5.39456 13.5871 5.35665C13.5499 5.31873 13.4995 5.29743 13.4469 5.29743H10.6701C10.6175 5.29743 10.5671 5.31873 10.5299 5.35665C10.4927 5.39456 10.4718 5.44598 10.4718 5.49961V9.1388C10.4718 9.19248 10.4927 9.24384 10.5299 9.28176C10.5671 9.31968 10.6175 9.34104 10.6701 9.34104Z\" fill=\"currentColor\"/>",
    "width": 15,
    "height": 15
}