{
    "body": "<path clip-rule=\"evenodd\" fill-rule=\"evenodd\" d=\"M2.14999 10.408V1.15389C2.14999 0.84786 2.27187 0.55436 2.4888 0.337966C2.70573 0.12157 2.99996 0 3.30675 0H11.6932C12 0 12.2942 0.12157 12.5112 0.337966C12.7281 0.55436 12.85 0.84786 12.85 1.15389V10.408C12.8499 10.5809 12.8108 10.7515 12.7357 10.9073C12.6607 11.0631 12.5515 11.2001 12.4162 11.3081L8.04224 14.8102C7.88834 14.9331 7.69709 15 7.49999 15C7.30289 15 7.11164 14.9331 6.95776 14.8102L2.58378 11.3081C2.44851 11.2001 2.3393 11.0631 2.26422 10.9073C2.18914 10.7515 2.1501 10.5809 2.14999 10.408ZM10.5981 3.3109V5.3327C10.5981 5.60045 10.4939 5.8573 10.3083 6.0468C10.1227 6.23635 9.87099 6.34305 9.60829 6.34355C9.87129 6.34355 10.1235 6.4501 10.3095 6.63965C10.4955 6.82925 10.6 7.08635 10.6 7.35445V9.17725C10.5999 9.32865 10.5664 9.47815 10.502 9.6146C10.4377 9.7511 10.3441 9.8711 10.2281 9.96575L8.69344 11.2218C8.67524 11.2367 8.65324 11.246 8.63004 11.2487C8.60684 11.2514 8.58339 11.2474 8.56234 11.2371C8.54129 11.2268 8.52349 11.2106 8.51109 11.1905C8.49864 11.1703 8.49204 11.147 8.49199 11.1232V7.6072C8.49199 7.4061 8.41364 7.21325 8.27414 7.0711C8.13469 6.9289 7.94549 6.849 7.74824 6.849H6.63256C6.59969 6.849 6.56816 6.86235 6.54491 6.88605C6.52166 6.90975 6.5086 6.94185 6.5086 6.9754V11.1232C6.50868 11.1471 6.5021 11.1705 6.48963 11.1908C6.47716 11.211 6.45931 11.2273 6.43815 11.2376C6.41699 11.248 6.39339 11.252 6.37009 11.2492C6.3468 11.2463 6.32476 11.2369 6.30654 11.2218L4.77188 9.96575C4.65591 9.8711 4.56229 9.7511 4.49792 9.6146C4.43355 9.47815 4.40009 9.32865 4.39999 9.17725V3.3109C4.39999 3.04279 4.50448 2.78567 4.69046 2.59609C4.87644 2.40651 5.12868 2.3 5.3917 2.3H9.60644C9.86944 2.3 10.1217 2.40651 10.3077 2.59609C10.4936 2.78567 10.5981 3.04279 10.5981 3.3109ZM6.63132 5.83815H7.74699C7.94424 5.83815 8.13344 5.75825 8.27294 5.61605C8.41239 5.4739 8.49074 5.28105 8.49074 5.07995V3.43726C8.49074 3.40374 8.47769 3.3716 8.45444 3.3479C8.43119 3.3242 8.39969 3.3109 8.36679 3.3109H6.63132C6.59845 3.3109 6.56692 3.3242 6.54367 3.3479C6.52042 3.3716 6.50736 3.40374 6.50736 3.43726V5.71175C6.50736 5.7453 6.52042 5.7774 6.54367 5.8011C6.56692 5.8248 6.59845 5.83815 6.63132 5.83815Z\" fill=\"currentColor\"/>",
    "width": 15,
    "height": 15
}
