{
    "body": "<path d=\"M6.125 6.125H8.875V8.875H6.125V6.125Z\" fill=\"currentColor\"/><path fill-rule=\"evenodd\" clip-rule=\"evenodd\" d=\"M7.5 15C11.6421 15 15 11.6421 15 7.5C15 3.35786 11.6421 0 7.5 0C3.35786 0 0 3.35786 0 7.5C0 11.6421 3.35786 15 7.5 15ZM6.125 4.75V2H8.875V4.75H10.25V6.125H13V8.875H10.25V10.25H8.875V13H6.125V10.25H4.75V8.875H2V6.125H4.75V4.75H6.125Z\" fill=\"currentColor\"/><g opacity=\"0.6\"><path d=\"M4.75 7.5V6.125H6.125V7.5H4.75Z\" fill=\"currentColor\"/><path d=\"M4.75 8.875V7.5H6.125V8.875H4.75Z\" fill=\"currentColor\"/><path d=\"M8.875 7.5V6.125H10.25V7.5H8.875Z\" fill=\"currentColor\"/><path d=\"M8.875 8.875V7.5H10.25V8.875H8.875Z\" fill=\"currentColor\"/><path d=\"M7.5 10.25H6.125V8.875H7.5V10.25Z\" fill=\"currentColor\"/><path d=\"M8.875 10.25H7.5V8.875H8.875V10.25Z\" fill=\"currentColor\"/><path d=\"M7.5 6.125H6.125V4.75H7.5V6.125Z\" fill=\"currentColor\"/><path d=\"M8.875 6.125H7.5V4.75H8.875V6.125Z\" fill=\"currentColor\"/></g><g opacity=\"0.3\"><path d=\"M4.75 6.125V4.75H6.125V6.125H4.75Z\" fill=\"currentColor\"/><path d=\"M4.75 10.25V8.875H6.125V10.25H4.75Z\" fill=\"currentColor\"/><path d=\"M8.875 6.125V4.75H10.25V6.125H8.875Z\" fill=\"currentColor\"/><path d=\"M8.875 10.25V8.875H10.25V10.25H8.875Z\" fill=\"currentColor\"/><path d=\"M7.5 11.625V10.25H8.875V11.625H7.5Z\" fill=\"currentColor\"/><path d=\"M11.625 7.5H10.25V8.875H11.625V7.5Z\" fill=\"currentColor\"/><path d=\"M3.375 7.5H4.75V8.875H3.375V7.5Z\" fill=\"currentColor\"/><path d=\"M7.5 3.375V4.75H8.875V3.375H7.5Z\" fill=\"currentColor\"/><path d=\"M6.125 3.375V4.75H7.5V3.375H6.125Z\" fill=\"currentColor\"/><path d=\"M6.125 11.625V10.25H7.5V11.625H6.125Z\" fill=\"currentColor\"/><path d=\"M11.625 6.125H10.25V7.5H11.625V6.125Z\" fill=\"currentColor\"/><path d=\"M3.375 6.125H4.75V7.5H3.375V6.125Z\" fill=\"currentColor\"/></g><g opacity=\"0\"><path d=\"M6.125 2V3.375H7.5V2H6.125Z\" fill=\"currentColor\"/><path d=\"M7.5 2V3.375H8.875V2H7.5Z\" fill=\"currentColor\"/><path d=\"M6.125 13V11.625H7.5V13H6.125Z\" fill=\"currentColor\"/><path d=\"M7.5 13V11.625H8.875V13H7.5Z\" fill=\"currentColor\"/><path d=\"M13 6.125H11.625V7.5H13V6.125Z\" fill=\"currentColor\"/><path d=\"M13 7.5H11.625V8.875H13V7.5Z\" fill=\"currentColor\"/><path d=\"M2 7.5H3.375V8.875H2L2 7.5Z\" fill=\"currentColor\"/><path d=\"M2 6.125H3.375V7.5H2V6.125Z\" fill=\"currentColor\"/></g>",
    "width": 15,
    "height": 15
}