{
    "body": "<path d=\"M1.67374 13.7148H0.0429688L5.04258 7.95634C5.20352 7.77472 5.20352 7.49694 5.04258 7.31532L0.0858839 1.59961H1.65229L6.64117 7.35806C6.76992 7.529 6.79138 7.77472 6.6519 7.93497C5.34299 9.44136 1.67374 13.7148 1.67374 13.7148Z\" fill=\"currentColor\"/><path d=\"M14.924 1.59961H13.3576L7.04905 8.91786C6.88812 9.09948 6.87739 9.38794 7.03832 9.56956L7.20998 9.78323L10.5895 13.7148H12.2203L8.56181 9.47341C8.40088 9.2811 8.4116 9.00333 8.57254 8.82171L14.924 1.59961Z\" fill=\"currentColor\"/><path d=\"M9.72089 9.03525C9.68871 9.18482 9.72089 9.35576 9.82818 9.47328C10.7401 10.531 13.476 13.7147 13.476 13.7147H14.9565L10.2895 8.34082L9.87109 8.80021C9.80672 8.86432 9.75308 8.94978 9.72089 9.03525Z\" fill=\"currentColor\"/><path d=\"M2.89746 1.59961H4.39949C4.39949 1.59961 7.09242 4.80468 8.05801 5.78757C8.21894 5.94782 8.18675 6.15081 8.04728 6.31107C7.5323 6.92003 7.52157 6.93071 7.52157 6.93071L2.89746 1.59961Z\" fill=\"currentColor\"/><path d=\"M8.90588 5.31749L12.1138 1.59961H10.5903L8.91661 3.54402L8.43381 4.11025C8.27288 4.29187 8.26215 4.56964 8.42309 4.76195C8.5411 4.90083 8.90588 5.31749 8.90588 5.31749Z\" fill=\"currentColor\"/><path d=\"M2.9082 13.714L6.11611 9.99609L6.58818 10.5516C6.74911 10.7439 6.73838 11.0217 6.57745 11.2033L6.09465 11.7696L4.42096 13.714H2.9082Z\" fill=\"currentColor\"/>",
    "width": 15,
    "height": 15
}
