{
    "body": "<path d=\"M0 0C4.14234 0 7.5 3.35766 7.5 7.5C3.35766 7.5 0 4.14234 0 0ZM15 15C10.8577 15 7.5 11.6423 7.5 7.5C11.6423 7.5 15 10.8577 15 15ZM7.5 7.5C7.5 6.50544 7.89509 5.55161 8.59835 4.84835C9.30161 4.14509 10.2554 3.75 11.25 3.75C11.25 4.74456 10.8549 5.69839 10.1517 6.40165C9.44839 7.10491 8.49456 7.5 7.5 7.5ZM7.5 7.5C7.5 8.49456 7.10491 9.44839 6.40165 10.1517C5.69839 10.8549 4.74456 11.25 3.75 11.25C3.75 10.2554 4.14509 9.30161 4.84835 8.59835C5.55161 7.89509 6.50544 7.5 7.5 7.5Z\" fill=\"currentColor\"/>",
    "width": 15,
    "height": 15
}