{
    "body": "<path d='M8.98519 8.38604L6.73312 7.08251L-0.0233994 10.9928V18.8129L6.73312 22.7232L13.49 18.8129V6.64791L17.2434 4.47572L20.9973 6.64791V10.9928L17.2434 13.165L14.9913 11.8619V15.3372L17.2434 16.6407L24 12.7304V4.91032L17.2434 1L10.4869 4.91032V17.0753L6.73312 19.2475L2.97959 17.0753V12.7304L6.73312 10.5582L8.98519 11.8614V8.38604Z' fill='currentColor'/>",
    "width": 24,
    "height": 24
}