{
    "body": "<g clip-path=\"url(#clip0_177_32820)\"><path d=\"M7.49997 11.0754L3.02246 8.43961L7.49997 14.7151L11.9775 8.43961L7.49997 11.0754Z\" fill=\"currentColor\"/><path d=\"M7.5 0.177887L11.9774 7.59031L7.5 10.2334L3.02246 7.59065L7.5 0.177887Z\" fill=\"currentColor\"/></g><defs><clipPath id=\"clip0_177_32820\"><rect width=\"15\" height=\"14.5385\" fill=\"white\" transform=\"translate(0 0.17691)\"/></clipPath></defs>",
    "width": 15,
    "height": 15
}
