{
    "body": "<path d=\"M7.50001 0C3.35824 0 0 3.35824 0 7.5C0 11.6418 3.35824 15 7.50001 15C11.6418 15 15 11.6418 15 7.5C15 3.35824 11.6418 0 7.50001 0ZM7.50001 11.3187V14.1209C4.61757 14.1209 2.28023 11.7835 2.28023 8.90111C2.28023 6.01867 4.61757 3.68134 7.50001 3.68134V0.87912C10.3824 0.87912 12.7198 3.21649 12.7198 6.09889C12.7198 8.98132 10.3824 11.3187 7.50001 11.3187ZM10.0824 7.47581V7.52419C8.94394 8.09122 8.09119 8.94394 7.52419 10.0824H7.47582C6.90878 8.94394 6.05603 8.09122 4.91757 7.52419V7.47581C6.05603 6.90877 6.90878 6.05606 7.47582 4.9176H7.52419C8.09119 6.05606 8.94394 6.90877 10.0824 7.47581Z\" fill=\"currentColor\"/>",
    "width": 15,
    "height": 15
}
