{
    "body": "<path d=\"M15.9983 3.97721H13.9408C13.8005 3.52557 13.5523 3.1149 13.2176 2.78068C12.8772 2.4403 12.4672 2.19363 12.0211 2.05588V0H10.5595V1.99181C10.041 2.10418 9.56597 2.36394 9.19156 2.73984L8.21769 3.71371C7.93257 3.99883 7.93257 4.46174 8.21769 4.74766C8.5028 5.03278 8.96571 5.03278 9.25163 4.74766L10.2255 3.77378C10.4786 3.5207 10.8206 3.38455 11.1866 3.38855C11.5606 3.39336 11.9146 3.54473 12.1845 3.81463C12.7355 4.36564 12.7539 5.24501 12.2253 5.7736L10.1775 7.82147C9.64887 8.35005 8.7695 8.33163 8.21849 7.78062C7.93337 7.4955 7.47046 7.4955 7.18454 7.78062C6.89942 8.06574 6.89942 8.52865 7.18454 8.81457C7.75237 9.3824 8.49639 9.66751 9.23561 9.66751C9.95481 9.66751 10.6692 9.39761 11.2114 8.85541L13.2593 6.80754C13.6477 6.41911 13.8952 5.94258 14.0057 5.43963H15.9999V3.97721H15.9983Z\" fill=\"currentColor\"/><path d=\"M7.70841 10.2911L6.73453 11.265C6.20595 11.7936 5.32738 11.7751 4.77556 11.2241C4.22455 10.6731 4.20613 9.79374 4.73472 9.26516L6.78259 7.21729C7.31117 6.6887 8.19055 6.70712 8.74156 7.25813C9.02667 7.54325 9.48959 7.54325 9.7755 7.25813C10.0606 6.97302 10.0606 6.5101 9.7755 6.22419C8.65426 5.10294 6.84826 5.08452 5.74944 6.18334L3.70157 8.23121C3.31314 8.61964 3.06567 9.09617 2.95515 9.59913H0.960938V11.0607H3.01842C3.15877 11.5124 3.40699 11.9231 3.74162 12.2573C4.0884 12.6041 4.50086 12.8451 4.93814 12.9805V15.0388H6.39976V13.0445C6.90352 12.9348 7.38005 12.6865 7.76768 12.2981L8.74156 11.3242C9.02667 11.0391 9.02667 10.5762 8.74156 10.2903C8.67369 10.2225 8.59312 10.1687 8.50446 10.132C8.41579 10.0953 8.32077 10.0765 8.22482 10.0766C8.12887 10.0766 8.03387 10.0956 7.94527 10.1324C7.85666 10.1692 7.77617 10.2232 7.70841 10.2911Z\" fill=\"currentColor\"/>",
    "width": 15,
    "height": 15
}
