{
    "body": "<path d=\"M14.9485 3.14162C14.8408 2.95602 14.6007 2.8949 14.4169 3.00632L4.54511 8.98474C4.29356 8.51611 4.15099 7.98064 4.15099 7.41205C4.15099 5.56591 5.65366 4.06931 7.50732 4.06931C8.30325 4.06931 9.03398 4.34596 9.60935 4.80695L7.50923 6.24273L12.967 3.10438C13.0846 3.03689 13.1249 2.88694 13.0568 2.7701C12.9852 2.64658 12.8231 2.60997 12.7049 2.69083L11.3684 3.60451C10.3835 2.61379 9.01768 2 7.50732 2C4.50613 2 2.07325 4.42301 2.07325 7.41205C2.07325 8.37444 2.32579 9.27794 2.76785 10.0611L0 11.7372L2.8417 10.1878C3.79073 11.7668 5.52485 12.8241 7.50732 12.8241C10.5085 12.8241 12.9414 10.4011 12.9414 7.41205C12.9414 7.24332 12.9414 7.27209 12.9414 6.76579C12.9414 6.25948 13.1477 5.61173 13.8786 5.22177C13.9413 5.18833 13.964 5.11002 13.9285 5.04858C13.8936 4.98873 13.8169 4.96803 13.7568 5.00273L7.27654 8.72909C7.99991 8.42283 8.55288 8.2366 9.28588 8.08994C10.8128 7.78445 10.8517 8.50944 10.262 9.32722C9.86715 9.87476 8.97516 10.7542 7.50797 10.7542C6.31151 10.7542 5.26177 10.1308 4.66722 9.1923L14.8005 3.66787C14.9894 3.56505 15.0562 3.32723 14.9485 3.14162Z\" fill=\"currentColor\"/>",
    "width": 15,
    "height": 15
}
