{
    "body": "<path d='M9.12 7.33891H15V7.38494L5.80667 12.908L10.38 9.31799L9.12 7.33891ZM5.66667 2V13L1 9.31799L5.66667 2Z' fill='currentColor'/>",
    "width": 15,
    "height": 15
}