{
    "body": "<path d=\"M0 0.00109485V5.96407L2.11352 8.09512V2.13213L8.00475 2.15203L5.89231 0.0199038L0.00112498 0L0 0.00109485ZM10.7181 4.77053V10.1544L8.60464 8.02335V2.63948L10.7181 4.77053ZM4.82563 10.7147H10.1625L8.05002 8.58251H2.71318L4.82563 10.7147ZM13.7218 13.1575V7.80067L11.6083 5.66966V11.6326L5.71705 11.6128L7.82949 13.7449L13.1571 13.7628L14.2806 14.8962L15 15L14.863 14.3088L13.7218 13.1575Z\" fill=\"currentColor\"/>",
    "width": 15,
    "height": 15
}