{
    "body": "<path d=\"M7.48049 0.931121C7.4446 0.931121 7.4115 0.9404 7.3784 0.958601L2.00801 4.15774C1.94495 4.1945 1.90592 4.26231 1.90906 4.33583L1.92997 10.7002C1.92997 10.7741 1.96899 10.8415 2.03206 10.8783L7.42056 14.0403C7.45052 14.0589 7.48641 14.0678 7.52265 14.0678C7.55889 14.0678 7.59164 14.0585 7.62474 14.0403L12.9948 10.8415C13.0578 10.8048 13.0969 10.737 13.0937 10.6635L13.0728 4.29907C13.0728 4.2252 13.0338 4.15774 12.9707 4.12099L7.57944 0.955746C7.54948 0.9404 7.51359 0.931121 7.48049 0.931121ZM7.47735 0C7.66934 0 7.86132 0.0492505 8.0324 0.150607L13.4209 3.31263C13.7659 3.5157 13.9791 3.89044 13.9791 4.29622L14 10.6606C14 11.0664 13.7899 11.4411 13.4481 11.647L8.0777 14.8462C7.90662 14.9475 7.71463 15 7.52265 15C7.33066 15 7.13868 14.9508 6.9676 14.8494L1.57909 11.6874C1.23415 11.4847 1.02091 11.1096 1.02091 10.7041L1 4.33976C1 3.93398 1.2101 3.55924 1.55192 3.35332L6.9223 0.153819C7.09338 0.0524625 7.28537 0 7.47735 0Z\" fill=\"currentColor\"/><path d=\"M6.3885 3.46931H7.17456C7.23449 3.46931 7.28571 3.50607 7.30662 3.5646L9.83868 10.6724C9.85679 10.7184 9.82056 10.7677 9.77282 10.7677H8.98676C8.92683 10.7677 8.87561 10.7309 8.8547 10.6724L6.32265 3.5646C6.30453 3.51856 6.34077 3.46931 6.3885 3.46931ZM7.76551 3.46931H8.55157C8.6115 3.46931 8.66272 3.50607 8.68362 3.5646L11.2129 10.6695C11.231 10.7156 11.1948 10.7648 11.147 10.7648H10.361C10.301 10.7648 10.2498 10.7281 10.2289 10.6695L7.69965 3.5646C7.68153 3.51856 7.71463 3.46931 7.76551 3.46931ZM6.7453 6.2227C6.7662 6.1581 6.85645 6.1581 6.87735 6.2227L7.28537 7.37188C7.29721 7.40257 7.29721 7.43933 7.28537 7.47038L6.1453 10.6695C6.12439 10.7248 6.07317 10.7648 6.01324 10.7648H5.22718C5.17909 10.7648 5.14321 10.7156 5.16132 10.6695L6.7453 6.2227ZM3.78711 10.6695L6.05819 4.28979C6.07909 4.2252 6.16934 4.2252 6.19024 4.28979L6.59826 5.43897C6.6101 5.46966 6.6101 5.50642 6.59826 5.53747L4.77108 10.6695C4.75017 10.7248 4.69895 10.7648 4.63902 10.7648H3.85296C3.80209 10.768 3.76899 10.7156 3.78711 10.6695Z\" fill=\"currentColor\"/>",
    "width": 15,
    "height": 15
}
