{
    "body": "<path fill-rule=\"evenodd\" clip-rule=\"evenodd\" d=\"M12.2108 1.66472C12.2858 1.72471 12.2408 1.84469 12.1508 1.84469H2.8508C2.7608 1.84469 2.7158 1.72471 2.7908 1.66472C4.0808 0.614896 5.7158 0 7.5008 0C9.2858 0 10.9358 0.629893 12.2108 1.66472Z\" fill=\"currentColor\"/><path fill-rule=\"evenodd\" clip-rule=\"evenodd\" d=\"M4.5905 9.54088C4.5305 9.46589 4.4555 9.4209 4.3505 9.4209H0.4205C0.3305 9.4209 0.2705 9.51088 0.2855 9.58587C1.1855 12.7053 4.0805 15 7.4855 15C10.8905 15 13.7855 12.7203 14.6855 9.58587C14.7155 9.49589 14.6405 9.4209 14.5505 9.4209H10.6205C10.5305 9.4209 10.4405 9.46589 10.3805 9.54088C9.7355 10.4557 8.6705 11.0556 7.4705 11.0556C6.2705 11.0556 5.1905 10.4557 4.5605 9.54088H4.5905Z\" fill=\"currentColor\"/><path fill-rule=\"evenodd\" clip-rule=\"evenodd\" d=\"M10.1398 5.11681C10.1998 5.1768 10.2748 5.20679 10.3498 5.20679H14.4598C14.5498 5.20679 14.6248 5.11681 14.5948 5.02683C14.3098 4.20196 13.8748 3.43709 13.3348 2.76221C13.2898 2.70222 13.1998 2.65723 13.1248 2.65723H1.88983C1.81483 2.65723 1.72483 2.68722 1.67983 2.76221C1.13983 3.4221 0.704832 4.18697 0.419832 5.02683C0.389832 5.11681 0.449832 5.20679 0.554832 5.20679H4.66483C4.73983 5.20679 4.81483 5.1768 4.87483 5.11681C5.51983 4.39693 6.46483 3.94701 7.51483 3.94701C8.56483 3.94701 9.49483 4.39693 10.1548 5.11681H10.1398Z\" fill=\"currentColor\"/><path fill-rule=\"evenodd\" clip-rule=\"evenodd\" d=\"M11.025 8.59421C10.95 8.59421 10.905 8.51922 10.92 8.45923C11.01 8.15929 11.055 7.82934 11.055 7.4994C11.055 7.16945 10.965 6.58455 10.8 6.17962C10.77 6.10463 10.815 6.02965 10.89 6.02965H14.76C14.805 6.02965 14.85 6.05964 14.865 6.11963C14.955 6.56956 15 7.03448 15 7.51439C15 7.99431 14.97 8.18928 14.94 8.51922C14.94 8.56422 14.895 8.60921 14.835 8.60921H11.04L11.025 8.59421ZM4.065 8.45923C4.08 8.51922 4.035 8.59421 3.96 8.59421H0.165C0.12 8.59421 0.0749999 8.56422 0.0599999 8.50423C0.0149999 8.17428 0 7.84434 0 7.4994C0 7.15446 0.0449999 6.55456 0.135 6.10463C0.135 6.05964 0.18 6.01465 0.24 6.01465H4.11C4.185 6.01465 4.23 6.08964 4.2 6.16462C4.035 6.56955 3.945 7.01948 3.945 7.4844C3.945 7.94932 3.99 8.14429 4.08 8.44424L4.065 8.45923Z\" fill=\"currentColor\"/>",
    "width": 15,
    "height": 15
}