{
    "body": "<path d='M12.7221 7.39485C13.0814 7.39485 13.4121 7.24608 13.7145 6.96568C13.7746 7.06416 13.8041 7.17616 13.7995 7.28922C13.7942 7.41533 13.7655 7.53964 13.7145 7.65665L13.7336 7.68288C14.3002 7.65665 14.6312 7.5081 14.9621 7.27183C15 7.49093 15 7.58824 15 7.85051C15 8.97114 13.9131 10.0465 12.4758 10.0465C11.0592 10.0465 9.96199 8.97903 9.96199 7.74537H9.81077C9.71623 7.98164 9.67836 8.23533 9.71623 8.57652C8.13787 9.16287 7.71264 10.099 7.71264 11H6.75859C6.70824 10.5149 6.75628 10.0253 6.90024 9.55653C7.02312 9.16287 7.25003 8.65522 7.67526 8.26156L7.55242 8.13902C6.98578 8.55913 6.89072 8.71649 6.39928 9.31141C5.99311 9.39033 5.65232 9.60895 5.07616 9.60895C4.70757 9.60895 4.3202 9.55653 3.69637 9.28518C3.87665 8.99641 3.99876 8.73414 4.02709 8.25298H3.83801C3.46018 9.67906 1.96679 9.91511 1.32416 10.0203C0.757508 10.1078 0.558665 10.5014 0.558665 10.8863C0.557789 10.9244 0.560895 10.9625 0.567937 11H0.028334C0.00941374 10.8725 -5.24839e-05 10.7439 2.18848e-07 10.6152C2.18848e-07 10.3353 0.0188029 10.0551 0.160723 9.81903C0.672252 9.02217 1.09724 8.72459 1.09724 8.11279C1.09724 7.48283 0.59627 7.06368 0.567937 7.03671C0.861049 6.99213 0.965108 6.72985 1.16344 6.44992C1.59821 5.82858 2.32584 5.73246 2.70395 5.73246C3.07253 5.73246 3.28991 5.77612 3.6585 5.77612C5.35022 5.77612 6.20096 4 8.26123 4C9.56558 4 10.4634 4.87507 10.5956 6.00284L10.6239 6.01169C10.7942 5.83669 11.0876 5.60038 11.4273 5.49546C11.4273 5.53933 11.418 5.59084 11.418 5.64426C11.418 6.48474 11.6637 7.39485 12.7221 7.39485ZM3.83801 10.9993H2.97801C2.68515 10.7456 2.49609 10.3608 2.4487 10.1409C2.978 9.9311 3.21445 9.77349 3.50732 9.51095L3.67755 9.63353C3.57004 9.80639 3.51454 10.0028 3.51685 10.2022C3.51685 10.3956 3.51685 10.5093 3.83801 10.9993ZM9.00795 10.9993H8.23289C8.23289 10.0369 8.53528 9.69575 8.97008 9.31068L9.10245 9.40606C8.92216 9.77349 8.90388 10.0272 8.90388 10.2723C8.90388 10.5882 8.94174 10.798 9.00795 10.9993Z' fill='currentColor'/>",
    "width": 15,
    "height": 15
}