{
    "body": "<path d=\"M14.9868 13.9974H12.0607V7.52067L13.2322 3.82631L12.4011 3.53696L8.60686 13.9974H6.37995L2.58311 3.53696L1.75462 3.82631L2.92612 7.52067V14H0V1H4.3562L7.05805 8.44038V10.626H7.94195V8.44038L10.6438 1H15V13.9974H14.9868Z\" fill=\"currentColor\"/>",
    "width": 15,
    "height": 15
}